01001|2925.0
01002|10307.0
01004_AM|3005.0
01009_AM|4599.0
01010|2951.0
01017_AM|4314.0
01028_AM|7515.0
01036|18009.0
01043|3418.0
01047_AM|3771.0
01051|5029.0
01054_AM|2636.0
01058_AM|4466.0
01059|253093.0
01063_AM|4120.0
01901|3468.0
02003|172722.0
02008_AM|4946.0
02009|24388.0
02010_AM|5058.0
02012_AM|5804.0
02019_AM|4959.0
02021_AM|5457.0
02024_AM|5318.0
02025|10077.0
02029|4344.0
02030|3557.0
02033_AM|8111.0
02034_AM|4405.0
02035_AM|4403.0
02037|30427.0
02045|4654.0
02053|3433.0
02063_AM|5239.0
02067_AM|4884.0
02069|15401.0
02072_AM|3501.0
02073_AM|7265.0
02074|7691.0
02075_AM|3932.0
02079|4040.0
02081|24978.0
02086_AM|4673.0
02901|2797.0
03002_AM|6597.0
03005_AM|14860.0
03006_AM|2824.0
03009|59128.0
03011|20495.0
03012|3396.0
03013_AM|2633.0
03014|337304.0
03015|24343.0
03018|22657.0
03019|21088.0
03021|7113.0
03023_AM|3327.0
03024|5453.0
03026_AM|5934.0
03028_AM|5524.0
03031|69118.0
03034_AM|5787.0
03035_AM|5262.0
03041|11462.0
03042|4447.0
03043|3628.0
03044_AM|9024.0
03046|3207.0
03047|23530.0
03048|7589.0
03049|19273.0
03050|29013.0
03053|10752.0
03055|8880.0
03056|11451.0
03058|7427.0
03059|29717.0
03063|42953.0
03064|7620.0
03065|234205.0
03066|52551.0
03069|7402.0
03070|4337.0
03071|6223.0
03074_AM|4567.0
03076|15983.0
03077|2634.0
03079|23652.0
03081|2892.0
03082|27983.0
03083|6861.0
03088|8500.0
03089|12188.0
03090|25679.0
03092_AM|10812.0
03093|25611.0
03094|18108.0
03095|7080.0
03096|7569.0
03097_AM|6159.0
03099|78940.0
03101|8006.0
03102|10240.0
03104|34009.0
03105|8142.0
03107|5069.0
03109|4597.0
03111|8058.0
03112_AM|3009.0
03113|15978.0
03114|2542.0
03118|8447.0
03119|24363.0
03120|6553.0
03121|34148.0
03122|58912.0
03123_AM|11577.0
03128|11466.0
03133|82842.0
03138|4841.0
03139|34684.0
03140|34025.0
03901|2721.0
03902|22597.0
03903|2184.0
04003|25501.0
04006|12070.0
04011_AM|5309.0
04013|200753.0
04016|3355.0
04017_AM|8576.0
04024|4526.0
04029|12708.0
04031|3547.0
04032|8183.0
04035|14623.0
04038|4102.0
04044_AM|4519.0
04045_AM|5568.0
04047_AM|4973.0
04048_AM|5466.0
04049|9875.0
04050_AM|5350.0
04052|17974.0
04053|19744.0
04057_AM|6119.0
04062_AM|6223.0
04064|7257.0
04066|31458.0
04069|6258.0
04070_AM|5749.0
04074|4143.0
04075|10342.0
04079|98725.0
04083_AM|3049.0
04086_AM|3871.0
04088_AM|6066.0
04092|3528.0
04093|3892.0
04098_AM|4682.0
04099|6521.0
04100|17700.0
04101|6039.0
04102|27398.0
04902|84005.0
04903|9086.0
04904|2959.0
05002_AM|4893.0
05013_AM|4665.0
05014_AM|6862.0
05016|7881.0
05019|57949.0
05021_AM|4814.0
05047|5049.0
05054_AM|5123.0
05057|3246.0
05102_AM|4476.0
05114_AM|5055.0
05163_AM|6986.0
05168_AM|5504.0
05186_AM|4405.0
05204_AM|5016.0
05220_AM|5246.0
05238_AM|5593.0
05240_AM|6227.0
05241_AM|4772.0
05242_AM|4659.0
06002|5467.0
06005_AM|6889.0
06006|5245.0
06011|33741.0
06012_AM|6330.0
06014|7702.0
06015|150610.0
06016_AM|5190.0
06019_AM|7780.0
06020_AM|3848.0
06022|3076.0
06023|4732.0
06025|6152.0
06028|4823.0
06033_AM|3718.0
06036_AM|8133.0
06039_AM|3892.0
06044_AM|39214.0
06050|4811.0
06051_AM|3726.0
06052_AM|5405.0
06054|6704.0
06055_AM|6322.0
06058_AM|4793.0
06059_AM|2806.0
06060_AM|9251.0
06063|3465.0
06066_AM|5430.0
06067_AM|3219.0
06069_AM|5240.0
06070_AM|10658.0
06072|2760.0
06074_AM|7348.0
06080_AM|3906.0
06083|59424.0
06085_AM|6297.0
06087_AM|3120.0
06088|15483.0
06091|4392.0
06093_AM|5798.0
06094_AM|5653.0
06095|11871.0
06097_AM|3702.0
06103|5861.0
06108|2665.0
06109|4576.0
06113_AM|5587.0
06117_AM|4721.0
06120|3957.0
06121|4094.0
06122|8064.0
06123_AM|7389.0
06125_AM|5009.0
06126_AM|4047.0
06127|3355.0
06128|5311.0
06135_AM|3209.0
06141_AM|4681.0
06143|4157.0
06149|12534.0
06153|25837.0
06154|3335.0
06155_AM|7727.0
06158|16786.0
06159|2780.0
06160_AM|5570.0
06162|3380.0
06901|2731.0
06903_AM|4454.0
07001|5741.0
07002|9477.0
07003|20651.0
07004|5963.0
07005|11571.0
07006|7984.0
07008|8895.0
07010|7037.0
07011|51567.0
07012_AM|3768.0
07013|11425.0
07014|12003.0
07015|30638.0
07016|4243.0
07020|5134.0
07022|18164.0
07023_AM|6392.0
07024|11708.0
07026|50643.0
07027|33726.0
07028_AM|2844.0
07029|6250.0
07030_AM|4627.0
07031|38224.0
07032|29578.0
07033|44809.0
07036|38357.0
07037|5444.0
07038_AM|5272.0
07039|7515.0
07040|419366.0
07041_AM|3925.0
07042|16969.0
07043|5624.0
07044|13873.0
07045_AM|5641.0
07046|27205.0
07047_AM|5266.0
07048|28299.0
07050|6635.0
07051|8920.0
07052|6877.0
07054|40038.0
07055|12767.0
07056|7507.0
07057|12342.0
07058_AM|6558.0
07059|5010.0
07060|4122.0
07061|13491.0
07062|11835.0
07064|7530.0
07065|3558.0
08001|12620.0
08003|9954.0
08005|8787.0
08006|15942.0
08007|9191.0
08009|12629.0
08010_AM|8068.0
08011_AM|4146.0
08014|2556.0
08015|223006.0
08016_AM|4673.0
08017|3900.0
08018_AM|4698.0
08019|1636732.0
08020|7356.0
08022|16682.0
08023|9542.0
08029|4787.0
08030|7567.0
08031|3597.0
08032|3097.0
08033|17797.0
08034_AM|3913.0
08035|19236.0
08037_AM|4773.0
08038_AM|3593.0
08040|14810.0
08041|16872.0
08042|3219.0
08043|4886.0
08044_AM|6689.0
08046|18609.0
08047_AM|5207.0
08051|24659.0
08053|3853.0
08054|12610.0
08056|67226.0
08064|2632.0
08067|7595.0
08068|9233.0
08069|4655.0
08072|15017.0
08073|89300.0
08074|16051.0
08075|5685.0
08076|22358.0
08077|46777.0
08085_AM|5039.0
08086|20351.0
08088|16733.0
08089|46931.0
08091_AM|9719.0
08092|4916.0
08094_AM|5290.0
08096|62475.0
08097_AM|3229.0
08098_AM|5422.0
08100|2705.0
08101|264657.0
08102|40875.0
08105|13259.0
08106|10116.0
08107|15673.0
08108|6580.0
08110|18950.0
08112|20804.0
08113|78192.0
08114|28667.0
08115_AM|5705.0
08117|3178.0
08118|23848.0
08119|9623.0
08120|9672.0
08121|129120.0
08122_AM|6307.0
08123|26104.0
08124|51151.0
08125|36794.0
08126|12260.0
08127_AM|3449.0
08135|8798.0
08136|16804.0
08138|6474.0
08140|6068.0
08141|5973.0
08143|3681.0
08145_AM|6299.0
08147|24132.0
08148|4127.0
08149_AM|3125.0
08155|9646.0
08156|14917.0
08157|11636.0
08158|4232.0
08159|18907.0
08161|16411.0
08162_AM|5241.0
08163|27974.0
08167|8494.0
08169|65532.0
08170_AM|4015.0
08171|2634.0
08172|28523.0
08175_AM|5822.0
08180|39139.0
08181|10676.0
08182|4016.0
08183|6449.0
08184|78549.0
08187|216204.0
08191|6717.0
08192|7566.0
08194|37283.0
08196|27175.0
08197|11150.0
08198|6383.0
08200|83755.0
08202|18176.0
08203|3570.0
08204|4193.0
08205|94012.0
08207|2997.0
08208_AM|10230.0
08209|8997.0
08210|6406.0
08211|45463.0
08213|8936.0
08214|9074.0
08215|3547.0
08217|34130.0
08218|10871.0
08219|20936.0
08220_AM|5411.0
08221|19379.0
08223|2514.0
08224_AM|2638.0
08226_AM|2916.0
08227_AM|4883.0
08230|10419.0
08231|31525.0
08232_AM|5146.0
08233_AM|6518.0
08234|4671.0
08235|5538.0
08237_AM|5770.0
08238|20156.0
08240|12840.0
08244|8273.0
08245|119289.0
08247_AM|2579.0
08248|7538.0
08250|10192.0
08251|7664.0
08252|33016.0
08258_AM|2515.0
08259|9666.0
08260|26033.0
08261|3650.0
08262_AM|10736.0
08263|28115.0
08264|6523.0
08266|57217.0
08267|9347.0
08268_AM|4886.0
08269|3696.0
08270|30217.0
08273_AM|5072.0
08274|5923.0
08278_AM|6963.0
08279|223011.0
08281|6532.0
08282|9009.0
08283|8368.0
08284_AM|19328.0
08285|14553.0
08286_AM|6059.0
08288_AM|4841.0
08289|6126.0
08291|7082.0
08294_AM|5248.0
08295|15438.0
08296_AM|3373.0
08298|47319.0
08300_AM|9717.0
08301|66707.0
08302|12736.0
08305|39969.0
08307|67458.0
08902|5535.0
08904|13228.0
08905|3015.0
09018|33084.0
09048_AM|5319.0
09056|6465.0
09059|174051.0
09073_AM|4711.0
09109_AM|1929.0
09124_AM|2527.0
09141_AM|6044.0
09174_AM|5125.0
09177_AM|3974.0
09194|2609.0
09209_AM|6747.0
09211_AM|5401.0
09219|35528.0
09238_AM|5369.0
09289_AM|4762.0
09321_AM|5393.0
09330_AM|4897.0
09350_AM|4874.0
09363_AM|4976.0
09390_AM|2804.0
09410|3987.0
09413_AM|4589.0
09434_AM|5550.0
09439_AM|4769.0
09903|4029.0
09907_AM|6542.0
10004_AM|2712.0
10006_AM|5047.0
10010_AM|5663.0
10014_AM|4744.0
10019_AM|5074.0
10020_AM|5056.0
10021|5663.0
10032_AM|6491.0
10035_AM|5019.0
10037|95418.0
10049_AM|6471.0
10050_AM|5009.0
10061_AM|6061.0
10064_AM|6088.0
10067|12330.0
10087_AM|4910.0
10089_AM|5113.0
10096_AM|5059.0
10104|6499.0
10105_AM|5093.0
10109_AM|6065.0
10110|2658.0
10113_AM|4757.0
10115|4060.0
10116_AM|5178.0
10121|9503.0
10127|5680.0
10128|6685.0
10131|17010.0
10140_AM|6270.0
10146_AM|4932.0
10147_AM|5226.0
10148|39558.0
10175_AM|7010.0
10177_AM|8209.0
10180_AM|9589.0
10184_AM|4850.0
10186_AM|5133.0
10189|2894.0
10195_AM|10258.0
10203|5325.0
10205_AM|4806.0
10212_AM|5414.0
10216_AM|4968.0
11001|5245.0
11002|5031.0
11004|122982.0
11005_AM|7235.0
11006|30902.0
11007|22761.0
11008|23983.0
11010|7655.0
11011_AM|5412.0
11012|114244.0
11013|3070.0
11014|23182.0
11015|86306.0
11016|19368.0
11017|3845.0
11020|212801.0
11021|6665.0
11022|63365.0
11023|11813.0
11024_AM|8816.0
11025|5470.0
11026_AM|7046.0
11027|89060.0
11028|41771.0
11029|6954.0
11030|29326.0
11031|94867.0
11032|69507.0
11033|32178.0
11034|2698.0
11035|18466.0
11037|7042.0
11038|16482.0
11039|12572.0
11041|12125.0
11901|7020.0
11902_AM|5874.0
11903|2821.0
12004|6691.0
12005|10428.0
12009|26878.0
12011_AM|7237.0
12012_AM|6058.0
12016_AM|5324.0
12021|5605.0
12027|27658.0
12028|18991.0
12031|5552.0
12032|34903.0
12033_AM|5094.0
12034_AM|5966.0
12040|172589.0
12050_AM|4974.0
12053|2795.0
12072_AM|5736.0
12077|6958.0
12080_AM|5497.0
12082|13256.0
12084|24939.0
12085|9755.0
12089|7882.0
12104|9139.0
12106_AM|5194.0
12117|5606.0
12121_AM|5166.0
12124|2943.0
12126|31549.0
12128_AM|3339.0
12129_AM|5881.0
12135|51130.0
12136|3111.0
12138|28862.0
12140_AM|5293.0
12901|4539.0
12902_AM|4546.0
13001_AM|4871.0
13005|30548.0
13009_AM|3255.0
13011|5105.0
13013|8896.0
13015|5947.0
13019|6844.0
13020_AM|6279.0
13023|11992.0
13027|3615.0
13028_AM|13801.0
13031|3086.0
13033_AM|4860.0
13034|75104.0
13038_AM|4774.0
13039|17771.0
13042_AM|4183.0
13044_AM|4017.0
13047|8510.0
13052|7842.0
13053_AM|18545.0
13054|5927.0
13056|15658.0
13058|5211.0
13061|7325.0
13063_AM|6779.0
13064|2759.0
13065_AM|4553.0
13066|3623.0
13068_AM|4862.0
13071|46036.0
13077|4017.0
13078|12067.0
13079|15357.0
13082|35984.0
13083_AM|3969.0
13085|2708.0
13087|30218.0
13089_AM|5798.0
13092_AM|6672.0
13093_AM|5318.0
13096|9722.0
13097_AM|5209.0
13098_AM|2974.0
14001|4141.0
14002|13398.0
14004_AM|3028.0
14005_AM|9598.0
14007_AM|19983.0
14008|3207.0
14009|2905.0
14010|4982.0
14012|7316.0
14013|20245.0
14014|2888.0
14017|14228.0
14018|4382.0
14019|7740.0
14021|322071.0
14022_AM|5237.0
14023_AM|5755.0
14024_AM|3719.0
14025|3272.0
14026_AM|6086.0
14027|9667.0
14029_AM|5942.0
14030_AM|10936.0
14035|6684.0
14036|4517.0
14037|4106.0
14038|42712.0
14039_AM|5319.0
14040|4517.0
14041|3851.0
14042|22633.0
14043_AM|10704.0
14045_AM|5669.0
14046|5341.0
14049|20910.0
14050|2808.0
14051_AM|2883.0
14052|10508.0
14053|7296.0
14054|17156.0
14055|22251.0
14056|29767.0
14057|7515.0
14058|9835.0
14060_AM|5976.0
14065_AM|3165.0
14066|7016.0
14067|4897.0
14069|8662.0
14070_AM|2890.0
14073|3191.0
14074_AM|3284.0
15001|5494.0
15002|31993.0
15004|5997.0
15005|32894.0
15006_AM|7493.0
15007|3389.0
15008|6817.0
15009|13030.0
15010_AM|6041.0
15011|18955.0
15012|4186.0
15013|7957.0
15014|4185.0
15015|3359.0
15016|5224.0
15017|24616.0
15019|31414.0
15020|3854.0
15021|6574.0
15022_AM|8925.0
15023_AM|9174.0
15024|4996.0
15029|5878.0
15030|245468.0
15031|30758.0
15032_AM|5914.0
15033|2710.0
15034|2927.0
15035|12832.0
15036|64785.0
15037|4714.0
15040|3004.0
15041|11521.0
15042|3235.0
15043|5332.0
15045|3806.0
15046|7427.0
15047_AM|4785.0
15048|6423.0
15050_AM|4369.0
15051|5226.0
15052|4564.0
15053|8399.0
15054|38913.0
15055|5032.0
15056|6775.0
15057|14240.0
15058|36922.0
15059|12605.0
15060|7530.0
15061|5485.0
15062|6150.0
15064_AM|5606.0
15065|8317.0
15066|4639.0
15067|9291.0
15068|5457.0
15069|7687.0
15070_AM|11108.0
15071|9155.0
15072|11004.0
15073|26839.0
15074|4493.0
15075|16382.0
15076|2812.0
15077|9359.0
15078|97858.0
15082|18778.0
15084|3228.0
15085|3495.0
15086|3059.0
15087|6872.0
15088|3816.0
15089|5032.0
15092|6925.0
15093|4384.0
15901_AM|5072.0
15902|5170.0
16023_AM|4845.0
16027_AM|5123.0
16042_AM|4523.0
16066|3089.0
16078|53988.0
16102_AM|5271.0
16106_AM|4981.0
16112_AM|4740.0
16113_AM|5045.0
16117_AM|4830.0
16124_AM|4940.0
16125_AM|4706.0
16133|6035.0
16134|5964.0
16154|6638.0
16170_AM|5144.0
16171_AM|4832.0
16175|7616.0
16190|6953.0
16191_AM|4969.0
16198_AM|2878.0
16203|15645.0
16249_AM|5583.0
16251_AM|6091.0
16903_AM|5384.0
16905_AM|5703.0
17006_AM|5279.0
17007_AM|9715.0
17008|5709.0
17009|6507.0
17012_AM|5980.0
17013|4039.0
17015|20168.0
17016_AM|4914.0
17019|2502.0
17020|5094.0
17022|11190.0
17023|40274.0
17027|3836.0
17032|2820.0
17033|8051.0
17034|11484.0
17036_AM|5566.0
17039_AM|5773.0
17044|10505.0
17047|11154.0
17048|11455.0
17049_AM|7402.0
17056_AM|5882.0
17062|10497.0
17066|47043.0
17067_AM|5196.0
17073|2700.0
17079|101932.0
17083|4332.0
17086_AM|5471.0
17089|8851.0
17092_AM|6399.0
17094|1504.0
17095|38402.0
17103|7349.0
17111_AM|6001.0
17114|36299.0
17117|23046.0
17118|18196.0
17120_AM|2712.0
17124_AM|2798.0
17132_AM|6073.0
17137_AM|6042.0
17139_AM|2572.0
17141|9518.0
17142|3856.0
17146|4268.0
17147|10721.0
17148_AM|3894.0
17152|19921.0
17155|32230.0
17160|22210.0
17163|4012.0
17164_AM|7099.0
17167_AM|4975.0
17169_AM|4275.0
17178_AM|5563.0
17180_AM|13849.0
17181|5408.0
17184_AM|3376.0
17185|3050.0
17186|5231.0
17190_AM|2787.0
17193|6349.0
17199|12023.0
17202|5930.0
17207|3115.0
17211_AM|5608.0
17213|8073.0
17215_AM|4014.0
17221|5480.0
17223_AM|5129.0
17233_AM|5386.0
17901_AM|5336.0
17902_AM|5196.0
18003|19128.0
18006|7473.0
18011|5497.0
18013|5667.0
18014_AM|11462.0
18017|25890.0
18021|24388.0
18022|19198.0
18023|20281.0
18027_AM|5609.0
18029_AM|6172.0
18035_AM|2906.0
18036|5262.0
18039|4038.0
18047|8181.0
18048|3472.0
18050_AM|2659.0
18056|4079.0
18057|7719.0
18059|5624.0
18061_AM|6338.0
18062|15741.0
18063_AM|5309.0
18066|2625.0
18071_AM|8366.0
18079|4415.0
18084|5993.0
18087|231775.0
18088_AM|4809.0
18089|18462.0
18093|5287.0
18094|2906.0
18095|2658.0
18098|7236.0
18099_AM|4971.0
18100|10514.0
18101|12120.0
18102_AM|12139.0
18105|5094.0
18108_AM|4978.0
18111|3928.0
18115|3550.0
18116_AM|5811.0
18119_AM|4863.0
18122_AM|21379.0
18127|22358.0
18132|3613.0
18133|2748.0
18134|8137.0
18135_AM|7776.0
18136_AM|4847.0
18137_AM|3489.0
18138|3106.0
18140|58545.0
18145|14559.0
18147|5866.0
18148_AM|3308.0
18149_AM|9310.0
18150|8934.0
18152_AM|4530.0
18153|11544.0
18157_AM|2867.0
18158|9853.0
18162_AM|4854.0
18164_AM|5814.0
18165|5480.0
18171_AM|4676.0
18173|12472.0
18175|15175.0
18182|2550.0
18184_AM|4883.0
18192_AM|2639.0
18193|19473.0
18194|2516.0
18903_AM|5176.0
18905|22051.0
18907_AM|4969.0
18911|11678.0
18912_AM|2678.0
18916|2892.0
19021_AM|3193.0
19024|13051.0
19046|35236.0
19053_AM|5150.0
19058_AM|12909.0
19071|12710.0
19086_AM|4950.0
19103_AM|2511.0
19105|3797.0
19117|2523.0
19126|2579.0
19130|87064.0
19143|2702.0
19151_AM|5463.0
19156_AM|4856.0
19160_AM|6579.0
19171|7889.0
19190|3217.0
19192|2745.0
19220_AM|6079.0
19245_AM|5124.0
19257_AM|5156.0
19274_AM|5689.0
19280|5892.0
19293|2933.0
19319|6591.0
19326|4636.0
19331|4364.0
20005_AM|5541.0
20009|14631.0
20010_AM|4646.0
20013|7108.0
20016_AM|3864.0
20017|11657.0
20018|15191.0
20019|13949.0
20022_AM|3936.0
20025_AM|5913.0
20027_AM|4564.0
20028_AM|3483.0
20029|5441.0
20030|27467.0
20032|11464.0
20034_AM|4342.0
20036|16852.0
20039|2794.0
20040|20362.0
20042|4220.0
20043_AM|4916.0
20045|62933.0
20049|6007.0
20051|8367.0
20052_AM|4155.0
20053|6062.0
20055|21867.0
20056_AM|7267.0
20059|11428.0
20061|6096.0
20063|10291.0
20064|15867.0
20065_AM|5044.0
20067|39219.0
20069|188102.0
20071|19795.0
20072|6197.0
20073|6132.0
20074|14584.0
20075|5864.0
20076|10420.0
20077_AM|8854.0
20079|23271.0
20080|9668.0
20081|10124.0
20902|18893.0
20903|7185.0
21002|21706.0
21005|24577.0
21006|3929.0
21007_AM|9541.0
21008_AM|4728.0
21010|21510.0
21011|4464.0
21013|14392.0
21014|6075.0
21017_AM|4015.0
21018_AM|2727.0
21021|20314.0
21023_AM|5207.0
21025|4635.0
21029_AM|5958.0
21032_AM|2606.0
21035|12810.0
21040_AM|6145.0
21041|142538.0
21042|21516.0
21043_AM|5209.0
21044|28293.0
21046|3187.0
21049|3778.0
21050|22061.0
21052_AM|5369.0
21053_AM|6361.0
21054|10787.0
21055|12001.0
21056|3478.0
21058_AM|5358.0
21060|15891.0
21061|7834.0
21063|3846.0
21064|9503.0
21069_AM|6180.0
21070|7906.0
21072|12714.0
21073|2911.0
21074_AM|5486.0
21076_AM|5234.0
21078|3055.0
22017_AM|4303.0
22021_AM|4828.0
22025_AM|3324.0
22039_AM|6143.0
22048|17146.0
22053_AM|4749.0
22054_AM|6134.0
22059_AM|5061.0
22060_AM|5536.0
22061|9888.0
22084_AM|4544.0
22112_AM|16529.0
22116_AM|4811.0
22117_AM|5432.0
22125|53429.0
22130|13344.0
22137_AM|4811.0
22158|17362.0
22199|9352.0
22213_AM|4858.0
22225|3449.0
22228_AM|5218.0
22254_AM|4283.0
22901_AM|4527.0
22907_AM|5203.0
23002|21623.0
23003|10434.0
23005|36212.0
23006|5450.0
23007_AM|5441.0
23009|15762.0
23010|17498.0
23011_AM|3204.0
23012_AM|6886.0
23014|2998.0
23015_AM|2534.0
23018|2662.0
23019_AM|3063.0
23024|15048.0
23025|3267.0
23026|4019.0
23028|7248.0
23034|3011.0
23038|5082.0
23039|2714.0
23040_AM|3036.0
23044_AM|7468.0
23045_AM|2831.0
23046_AM|3638.0
23050|111932.0
23051|3302.0
23053|11583.0
23055|56525.0
23056|3640.0
23058|11315.0
23059|6726.0
23060|24271.0
23061_AM|11986.0
23062_AM|2552.0
23063_AM|6181.0
23066|5325.0
23067|2859.0
23069_AM|7386.0
23070|4706.0
23072_AM|6659.0
23073_AM|5628.0
23074_AM|5338.0
23075|3867.0
23079_AM|4959.0
23080_AM|6003.0
23082_AM|6158.0
23086_AM|15372.0
23087|13545.0
23088|7194.0
23090_AM|2599.0
23092|34208.0
23093_AM|7132.0
23094_AM|5263.0
23095|10545.0
23096|3026.0
23097_AM|9949.0
23099|6106.0
23902|2656.0
23903_AM|6733.0
23904|2832.0
24008|10553.0
24010|10068.0
24014|8455.0
24015_AM|4993.0
24021_AM|6322.0
24030|4888.0
24034|4105.0
24038_AM|5212.0
24039_AM|6065.0
24056_AM|5022.0
24059_AM|2795.0
24061_AM|3646.0
24064_AM|3127.0
24065|2596.0
24070_AM|5590.0
24083_AM|4783.0
24088_AM|5430.0
24089|122051.0
24092_AM|5212.0
24094_AM|5676.0
24114|3060.0
24115|63747.0
24122_AM|5750.0
24134|3714.0
24139_AM|4990.0
24142|30160.0
24148_AM|5317.0
24154_AM|4877.0
24157_AM|5338.0
24160_AM|4886.0
24162_AM|3936.0
24163|5170.0
24166_AM|2644.0
24169_AM|5073.0
24170_AM|6035.0
24175_AM|6046.0
24181_AM|5088.0
24183_AM|4900.0
24188|5159.0
24189|7442.0
24196_AM|4200.0
24202|8226.0
24209|2806.0
24212_AM|5011.0
24222|18597.0
24223|2945.0
25003|5464.0
25007_AM|7330.0
25008_AM|4575.0
25011|9678.0
25012|3492.0
25013|2759.0
25016_AM|4065.0
25019|6875.0
25021|3365.0
25023|6274.0
25025_AM|5430.0
25029_AM|5185.0
25033_AM|3809.0
25034|3441.0
25038_AM|4631.0
25040|17409.0
25047_AM|2826.0
25048_AM|6487.0
25050|5151.0
25051_AM|5165.0
25053_AM|3415.0
25058|6195.0
25059_AM|2757.0
25062_AM|3883.0
25072|9328.0
25099_AM|5091.0
25110|7291.0
25113_AM|6512.0
25119_AM|5991.0
25120|140080.0
25122|2724.0
25137|14545.0
25149_AM|4562.0
25158_AM|5169.0
25171_AM|5116.0
25172|2629.0
25173_AM|4980.0
25189|3186.0
25192_AM|5199.0
25193_AM|4582.0
25203|12252.0
25204_AM|6376.0
25207|9175.0
25209_AM|4957.0
25217|17649.0
25223_AM|5046.0
25228|4702.0
25232_AM|3499.0
25234|5893.0
25240_AM|5216.0
25243|5674.0
25907_AM|2642.0
26002_AM|6632.0
26005|3484.0
26006|2518.0
26008|2794.0
26011|9562.0
26018|14954.0
26021_AM|6776.0
26026_AM|5151.0
26036|24579.0
26042_AM|5407.0
26047_AM|4938.0
26059_AM|5501.0
26061_AM|5094.0
26064|3191.0
26071_AM|11820.0
26084|11042.0
26089|150808.0
26099_AM|2744.0
26102|8060.0
26105_AM|5102.0
26117_AM|5365.0
26125|3900.0
26129_AM|5544.0
26138|6222.0
26168|8608.0
27005|3001.0
27006|2826.0
27007_AM|4500.0
27010|5110.0
27011|2609.0
27012_AM|4238.0
27013|4192.0
27014_AM|5885.0
27015|4374.0
27016|8134.0
27018_AM|5105.0
27019|10078.0
27020|3682.0
27021_AM|5020.0
27022|5455.0
27023|2638.0
27024_AM|3370.0
27025|3360.0
27026|2551.0
27027_AM|3243.0
27028|97613.0
27030|3480.0
27031|18242.0
27032|3562.0
27039|5216.0
27040_AM|5251.0
27041_AM|6795.0
27042_AM|4452.0
27044_AM|5215.0
27046_AM|2824.0
27047_AM|2561.0
27048_AM|5151.0
27050|3151.0
27051|9871.0
27057|13257.0
27058_AM|4996.0
27060|2689.0
27063_AM|3570.0
27065|14006.0
27066|15312.0
27902|9428.0
28002|4676.0
28004|9908.0
28005|195982.0
28006|116589.0
28007|170817.0
28008|3085.0
28009|20749.0
28010|14959.0
28012_AM|6781.0
28013|59833.0
28014|56386.0
28015|33687.0
28018|6108.0
28019_AM|2777.0
28022|59052.0
28023|8009.0
28026|10726.0
28027_AM|8119.0
28028|2701.0
28030|2782.0
28031|3203.0
28032_AM|9225.0
28033|6416.0
28036|3939.0
28037_AM|2673.0
28038|7359.0
28040|25083.0
28041|7444.0
28042_AM|3617.0
28043|8303.0
28044|9376.0
28045|52480.0
28046|7348.0
28047|63825.0
28049|81273.0
28050|6642.0
28052|5506.0
28053|10520.0
28054|16594.0
28057_AM|3279.0
28058|192233.0
28059|6883.0
28060_AM|5506.0
28061|34712.0
28065|183095.0
28066|10467.0
28067_AM|8167.0
28068|16747.0
28072|8680.0
28073|19736.0
28074|187762.0
28075|8860.0
28079|3305408.0
28080|72034.0
28082|9202.0
28083|14903.0
28084|23737.0
28085|6585.0
28086|9291.0
28087|4563.0
28089|5294.0
28090|13573.0
28091|7924.0
28092|209639.0
28093|3220.0
28095|2720.0
28096|30695.0
28099_AM|5556.0
28100|6630.0
28104|26235.0
28106|131689.0
28108|6226.0
28109|2827.0
28110|3059.0
28113|53537.0
28115|87134.0
28119|3593.0
28123|92925.0
28125|4479.0
28127|94862.0
28129|13538.0
28130|39313.0
28131|18454.0
28132|19853.0
28133|8760.0
28134|90962.0
28137|2729.0
28140_AM|6249.0
28141|9345.0
28144|9091.0
28145|4123.0
28146|2781.0
28148|132771.0
28149|9549.0
28150|4594.0
28151_AM|5191.0
28152|24122.0
28154|7729.0
28160|13245.0
28161|77587.0
28162|4309.0
28164|4696.0
28165|3079.0
28167|12543.0
28168_AM|2695.0
28169_AM|3224.0
28170_AM|4824.0
28171|6837.0
28172|15049.0
28174|2643.0
28176|22580.0
28177|17310.0
28178_AM|3113.0
28179_AM|5543.0
28180|7552.0
28181|28030.0
28183_AM|4011.0
28901_AM|6257.0
28903|48751.0
29001|5453.0
29002_AM|6115.0
29005|6551.0
29007|41868.0
29008|26095.0
29009_AM|6235.0
29011|3859.0
29012|13336.0
29015_AM|43831.0
29017|8114.0
29018_AM|3237.0
29020_AM|4684.0
29023|7829.0
29025|70204.0
29027_AM|4466.0
29028_AM|5505.0
29031_AM|5512.0
29032|8301.0
29038|27436.0
29039|3712.0
29040|2532.0
29041|7342.0
29042|23375.0
29043|3450.0
29045|3866.0
29046|3034.0
29049_AM|4969.0
29051|71925.0
29053|3198.0
29054|82585.0
29055|2770.0
29056_AM|4238.0
29059|3293.0
29067|577405.0
29068|16849.0
29069|147958.0
29070|86744.0
29072|5341.0
29073_AM|5088.0
29075|21018.0
29076_AM|5543.0
29079|3159.0
29080|9572.0
29082_AM|51759.0
29083_AM|4149.0
29084|33624.0
29086_AM|4769.0
29088|3386.0
29089_AM|5671.0
29090_AM|4293.0
29091|18937.0
29094|82967.0
29095_AM|5566.0
29096|3374.0
29097|5360.0
29100|2866.0
29901|68056.0
29902|3277.0
30001|6116.0
30002|13066.0
30003|35956.0
30005|42559.0
30007|9842.0
30008|22240.0
30009|19500.0
30010|11508.0
30011|6608.0
30012|11619.0
30013|10133.0
30014_AM|4714.0
30015|25611.0
30016|216365.0
30017|14798.0
30018|12199.0
30019|35301.0
30020|10512.0
30021|17225.0
30022|26234.0
30023|5351.0
30024|96238.0
30025|7320.0
30026|32988.0
30027|73498.0
30028|7797.0
30029|17074.0
30030|460349.0
30032|3868.0
30033|16060.0
30035|33645.0
30036|26320.0
30037|37299.0
30038|21837.0
30039_AM|33399.0
30041|20536.0
30042_AM|4629.0
30043|35083.0
30901|16154.0
30902|16935.0
31010_AM|9278.0
31015|2752.0
31016|10732.0
31019_AM|4937.0
31023|11726.0
31029_AM|4005.0
31036_AM|4310.0
31038_AM|4793.0
31041_AM|5648.0
31042_AM|6236.0
31050_AM|8422.0
31060|19723.0
31065|2784.0
31067_AM|5423.0
31068_AM|5439.0
31070|4306.0
31072_AM|10132.0
31076_AM|6164.0
31077|8220.0
31078_AM|5402.0
31084_AM|5416.0
31086|21556.0
31088|8354.0
31092_AM|4911.0
31097|13911.0
31098|2790.0
31101_AM|3005.0
31104_AM|3845.0
31108_AM|4824.0
31122|7286.0
31138_AM|3861.0
31142_AM|5958.0
31149_AM|4418.0
31152_AM|2895.0
31153_AM|4159.0
31157_AM|6131.0
31159_AM|2834.0
31163|2866.0
31165_AM|4654.0
31169|3470.0
31176|4135.0
31191_AM|6060.0
31201|203081.0
31202|5965.0
31206_AM|4180.0
31208_AM|6198.0
31215|6369.0
31216|4872.0
31221_AM|5494.0
31227|10582.0
31232|37008.0
31249_AM|6794.0
31250|3759.0
31251_AM|4494.0
31254|2907.0
31258|10131.0
31260_AM|5463.0
31901|19853.0
31902|7468.0
31903|10723.0
31904_AM|6577.0
31905_AM|5645.0
31906_AM|6028.0
31907|15198.0
31908_AM|4977.0
32001_AM|7766.0
32004_AM|6011.0
32007_AM|6594.0
32008|11022.0
32009|13384.0
32013_AM|5740.0
32017_AM|4564.0
32019|13911.0
32020_AM|5029.0
32024|5652.0
32025_AM|2846.0
32026_AM|5458.0
32031_AM|3096.0
32032|9621.0
32034_AM|2751.0
32042_AM|5059.0
32043|2849.0
32045|2718.0
32050|2501.0
32051_AM|4655.0
32053_AM|4613.0
32054|104596.0
32056_AM|4512.0
32058_AM|8537.0
32063_AM|5366.0
32067_AM|5184.0
32069|5005.0
32072|4245.0
32075_AM|7448.0
32076_AM|5780.0
32081_AM|3695.0
32085|13644.0
32086|2787.0
32088_AM|3143.0
32091_AM|5441.0
33001_AM|4446.0
33002|10346.0
33004|76874.0
33006_AM|4099.0
33007_AM|3417.0
33008_AM|6151.0
33011|11966.0
33012|6195.0
33014|10288.0
33015_AM|3460.0
33016|22299.0
33017|3335.0
33018|3312.0
33019_AM|3743.0
33020_AM|16615.0
33021|4968.0
33023|3780.0
33024|268896.0
33025|10412.0
33026_AM|11521.0
33031|38683.0
33032|12754.0
33033|10596.0
33034|11281.0
33035|13790.0
33036|13611.0
33037|37026.0
33038|2543.0
33040|5264.0
33041|8302.0
33042|5113.0
33044|217552.0
33045|5292.0
33049|6921.0
33051_AM|9903.0
33056|5686.0
33057_AM|3964.0
33059|4878.0
33060|15665.0
33066|51608.0
33069_AM|5771.0
33070|3683.0
33072_AM|6184.0
33073|9096.0
33074_AM|5634.0
33076|14869.0
34004_AM|7225.0
34017_AM|5003.0
34022_AM|4815.0
34023|6399.0
34047_AM|4885.0
34056_AM|5270.0
34069_AM|4882.0
34079_AM|6143.0
34080|5786.0
34083_AM|4829.0
34120|77090.0
34123_AM|4566.0
34157|2950.0
34171_AM|4695.0
34218_AM|2701.0
34225|6470.0
34232_AM|5414.0
35001|5695.0
35002|32105.0
35003_AM|13545.0
35004|64497.0
35006|38535.0
35008|7513.0
35009|24455.0
35010|5365.0
35011|31887.0
35012|20572.0
35013|7833.0
35014|27768.0
35015|21014.0
35016|378675.0
35017|41786.0
35018|19058.0
35019|53066.0
35020|7516.0
35021|18297.0
35022|73573.0
35023|13871.0
35024|23044.0
35025_AM|2911.0
35026|102769.0
35027|12634.0
35028|20801.0
35029|6447.0
35030|15549.0
35031|9382.0
35032|3754.0
35033|7645.0
35034|16977.0
36001|2599.0
36002|3622.0
36003|12286.0
36004|11987.0
36005|9788.0
36006|13673.0
36008|26708.0
36009_AM|7076.0
36010|3316.0
36013_AM|4049.0
36015|4643.0
36017|20261.0
36018_AM|5678.0
36021|14920.0
36022|10699.0
36023|9991.0
36024|20199.0
36026|24248.0
36027|5314.0
36028|4796.0
36029|19496.0
36030_AM|5069.0
36032|4121.0
36033|15190.0
36034|3770.0
36035|18005.0
36036|3104.0
36037|2975.0
36038|83114.0
36039|20212.0
36040|2860.0
36041|17230.0
36042|22942.0
36043|5548.0
36044|3081.0
36045|29192.0
36046|5157.0
36047_AM|5646.0
36048|6376.0
36049|9249.0
36050|10048.0
36051|17635.0
36052|8845.0
36053|7482.0
36054|13730.0
36055|17398.0
36056|5768.0
36057|293837.0
36058|5955.0
36059|5097.0
36060|37545.0
36061|10306.0
36901|4951.0
36902_AM|7488.0
37008|5159.0
37010_AM|5092.0
37014_AM|4824.0
37023_AM|3425.0
37046_AM|13143.0
37067_AM|6701.0
37069_AM|6329.0
37073_AM|5417.0
37085|7368.0
37092|2809.0
37103_AM|5496.0
37107|12065.0
37117_AM|3764.0
37135_AM|5008.0
37136_AM|4610.0
37140_AM|4963.0
37142_AM|5532.0
37156|5550.0
37170_AM|5255.0
37172_AM|5162.0
37173_AM|4730.0
37174_AM|4760.0
37202_AM|3001.0
37246|6123.0
37274|143269.0
37294|14646.0
37313_AM|5423.0
37322|3096.0
37354|7371.0
37362|6491.0
37374_AM|5946.0
37376_AM|4810.0
38001|48733.0
38004|5604.0
38005|8234.0
38006|82563.0
38008|7196.0
38009|5866.0
38010|4766.0
38011|28463.0
38012|2807.0
38013_AM|6214.0
38015|4895.0
38017|51850.0
38018|5553.0
38019|21827.0
38020|21000.0
38021_AM|2866.0
38022|23310.0
38023|158010.0
38024|20648.0
38025|9114.0
38026|42219.0
38027|7745.0
38028|30179.0
38029_AM|5968.0
38030|2549.0
38031|36824.0
38032|17590.0
38033|4213.0
38034|4854.0
38035_AM|23661.0
38036_AM|11308.0
38037|15446.0
38038|208563.0
38039|14987.0
38040|11115.0
38041|8918.0
38042|4692.0
38043|24346.0
38044|2829.0
38045|4558.0
38046|11326.0
38047|2560.0
38048|5084.0
38049|4643.0
38050|2917.0
38051|9161.0
38053_AM|6631.0
39001_AM|6225.0
39002|4368.0
39006_AM|3978.0
39008|18116.0
39009_AM|5161.0
39012|8273.0
39016|30497.0
39018|5750.0
39019_AM|5197.0
39020|32975.0
39023|8504.0
39025|10703.0
39026_AM|5582.0
39027_AM|5296.0
39028|5357.0
39030_AM|2686.0
39035|10996.0
39037_AM|4434.0
39038_AM|3177.0
39040|5186.0
39041_AM|5762.0
39042|7606.0
39043_AM|4866.0
39044|5059.0
39047|2650.0
39052|26035.0
39054|5978.0
39055_AM|5228.0
39056_AM|5257.0
39057_AM|3873.0
39059|8810.0
39060|8382.0
39061|4629.0
39062_AM|4511.0
39073|13292.0
39074|9205.0
39075|172221.0
39076|4231.0
39078_AM|4851.0
39079|11011.0
39080|4073.0
39082_AM|5862.0
39085|9026.0
39087|51237.0
39091_AM|5722.0
39094_AM|3136.0
39095|2786.0
39099|3958.0
39102|2789.0
40032_AM|4575.0
40040_AM|5413.0
40041_AM|4901.0
40043|2502.0
40057_AM|4241.0
40063|9620.0
40076|9476.0
40094_AM|2657.0
40101_AM|5178.0
40112_AM|6426.0
40138_AM|5034.0
40141_AM|4990.0
40145_AM|6116.0
40149_AM|4503.0
40155|5597.0
40170_AM|4802.0
40181|5237.0
40194|51258.0
40225_AM|5574.0
40906_AM|5563.0
41003|3221.0
41004|75546.0
41005|12264.0
41006|3348.0
41007|16484.0
41010|6287.0
41011|19497.0
41012|4614.0
41013|6060.0
41014|3099.0
41015|7322.0
41016|11099.0
41017|22390.0
41018|12581.0
41019|6902.0
41020|16335.0
41021|27490.0
41022|5228.0
41023|10755.0
41024|29123.0
41025_AM|3220.0
41026|5384.0
41027|5059.0
41028|2860.0
41029|17366.0
41032_AM|6790.0
41033_AM|7402.0
41034|30774.0
41036|4699.0
41037|3985.0
41038|136250.0
41039|39838.0
41040|16048.0
41041_AM|13334.0
41042|7160.0
41044|10295.0
41045|7740.0
41046_AM|5731.0
41047|13529.0
41048_AM|4912.0
41049|13054.0
41050|6504.0
41051|3129.0
41052|3856.0
41053|27616.0
41055|18578.0
41056|4587.0
41058|23893.0
41059|46895.0
41060|19317.0
41061|2618.0
41062|2663.0
41063|3563.0
41064|7014.0
41065_AM|28823.0
41067|9452.0
41068|17594.0
41069|38678.0
41070|9020.0
41071|6850.0
41072|5147.0
41074|3648.0
41075|13856.0
41076_AM|4933.0
41077|10896.0
41078|2999.0
41079|11873.0
41080_AM|6899.0
41081|39204.0
41082|4223.0
41084|3376.0
41085|5646.0
41086|22088.0
41087|14026.0
41089|8491.0
41090|4247.0
41091|684234.0
41092|9508.0
41093|25370.0
41094|9086.0
41095|51145.0
41096|7894.0
41097|4531.0
41098|6673.0
41099|4892.0
41101|7811.0
41102|19251.0
41901|3347.0
41902|5826.0
41903|8667.0
41904|2340.0
42004_AM|3148.0
42020|5411.0
42025_AM|4888.0
42035_AM|4919.0
42043_AM|5395.0
42069_AM|4766.0
42094_AM|4717.0
42095|2844.0
42129_AM|2510.0
42134|3668.0
42162|2948.0
42164_AM|3838.0
42173|39695.0
43002|2504.0
43004|9579.0
43005|5185.0
43007_AM|5825.0
43009_AM|5185.0
43012|5512.0
43013|7131.0
43014|21317.0
43016|5625.0
43019_AM|5597.0
43020_AM|5583.0
43026_AM|6086.0
43028|3830.0
43037|28463.0
43038_AM|37257.0
43042_AM|4195.0
43043_AM|6468.0
43044|5530.0
43047|6724.0
43050|3912.0
43051|14081.0
43052_AM|5566.0
43054_AM|5295.0
43055_AM|5113.0
43060_AM|5457.0
43064_AM|4977.0
43078_AM|3409.0
43086|7433.0
43088_AM|5089.0
43090_AM|5040.0
43092|12689.0
43093|5585.0
43094_AM|5429.0
43095_AM|5007.0
43100|4872.0
43104|2846.0
43108_AM|4871.0
43109|4025.0
43111|2999.0
43123|106084.0
43126_AM|8732.0
43128_AM|5430.0
43129|6617.0
43131|7127.0
43133|8159.0
43136|14931.0
43137_AM|5047.0
43138|3762.0
43139|2702.0
43140|3450.0
43142_AM|2678.0
43145|5694.0
43148|135436.0
43153|17057.0
43155|33572.0
43156|6317.0
43161|24553.0
43162|6645.0
43163|38891.0
43166_AM|5252.0
43171|22522.0
43901|11539.0
43902|3552.0
43903|3220.0
43904|4160.0
43905|28512.0
43906|3444.0
43907|5933.0
44008_AM|6303.0
44009_AM|4342.0
44013|16029.0
44014_AM|5648.0
44025|7327.0
44050_AM|5664.0
44051_AM|4828.0
44056_AM|3210.0
44059_AM|4551.0
44068_AM|5041.0
44076|2578.0
44153|2522.0
44155_AM|5570.0
44158_AM|4741.0
44209_AM|4774.0
44210_AM|4619.0
44216|35994.0
44238_AM|4955.0
44246_AM|5849.0
45002|3757.0
45012_AM|2661.0
45013_AM|2607.0
45014|5202.0
45016|6621.0
45019|10611.0
45020_AM|5076.0
45021|3981.0
45023_AM|5626.0
45028|4641.0
45031|4243.0
45034_AM|2703.0
45037_AM|5335.0
45038|5022.0
45040_AM|5551.0
45041|6177.0
45045_AM|7292.0
45046_AM|4833.0
45047_AM|5106.0
45051_AM|4270.0
45052_AM|5187.0
45053|9942.0
45054|5068.0
45056|4335.0
45059_AM|5183.0
45061|3441.0
45064|5747.0
45066|11785.0
45067_AM|4821.0
45069_AM|5816.0
45078_AM|2597.0
45081|30229.0
45082_AM|6335.0
45084|2574.0
45085_AM|3316.0
45087|10230.0
45088|3894.0
45098|2544.0
45099|5662.0
45101_AM|6508.0
45102|5009.0
45106|9781.0
45107|4954.0
45109_AM|4535.0
45110_AM|4889.0
45112_AM|4473.0
45115|3721.0
45118_AM|5402.0
45119|5170.0
45121_AM|13639.0
45122|8225.0
45123|4743.0
45124|2625.0
45125|2626.0
45128|3408.0
45132_AM|5029.0
45133|3908.0
45135|5041.0
45136|7841.0
45137_AM|6682.0
45140_AM|5426.0
45142|11129.0
45145|4536.0
45153_AM|2807.0
45156|4085.0
45157|3554.0
45158_AM|5614.0
45161|27466.0
45163|11070.0
45165|83477.0
45166_AM|3271.0
45168|85449.0
45171_AM|3326.0
45173|13583.0
45176|5626.0
45180|4430.0
45181|2905.0
45183|3684.0
45185|9434.0
45186|3576.0
45187|4866.0
45188_AM|5989.0
45189_AM|5030.0
45192_AM|3460.0
45195|2508.0
45197|2593.0
45198|2570.0
45199|5255.0
45200_AM|8216.0
45201|5779.0
45202|5302.0
45203|4344.0
45205|10813.0
46001_AM|2221.0
46004_AM|2810.0
46005|29649.0
46006|5975.0
46007_AM|18670.0
46008|3368.0
46009|4110.0
46011_AM|12856.0
46013|24904.0
46014|4189.0
46015|10266.0
46016_AM|5275.0
46017|44865.0
46019|12193.0
46020|5144.0
46021|32313.0
46022_AM|21539.0
46025|3301.0
46029|27305.0
46031|13942.0
46032|7433.0
46034|2528.0
46035|8984.0
46037_AM|2846.0
46039|2627.0
46042|4592.0
46044|5215.0
46045_AM|2516.0
46048|4632.0
46051|11369.0
46054|15430.0
46055_AM|4987.0
46058_AM|5611.0
46060|11967.0
46062|5742.0
46063_AM|3537.0
46067_AM|3004.0
46070|25423.0
46072|4101.0
46073_AM|2532.0
46074|3780.0
46077|9438.0
46078|38712.0
46080_AM|4378.0
46081|13257.0
46082|6812.0
46083|20494.0
46084_AM|2639.0
46085|15851.0
46089_AM|3412.0
46093|2846.0
46094|28509.0
46097_AM|4770.0
46098|3088.0
46102|25035.0
46105|22708.0
46106_AM|7590.0
46109|8871.0
46110|30208.0
46111|15769.0
46113|3277.0
46116|18302.0
46118_AM|7216.0
46120_AM|6844.0
46122|3563.0
46123|2563.0
46126|7502.0
46127_AM|5321.0
46128_AM|2984.0
46131|75970.0
46132|2785.0
46134|3501.0
46135|13027.0
46136|3714.0
46139|5938.0
46143_AM|8027.0
46145|29459.0
46147|23648.0
46150_AM|5976.0
46155_AM|3275.0
46156|2651.0
46157|3687.0
46159|31287.0
46160_AM|5722.0
46163|2574.0
46164|16132.0
46165|9845.0
46166|10926.0
46168_AM|3287.0
46169|44320.0
46170|4326.0
46171|21875.0
46172|8655.0
46173_AM|6435.0
46176|3069.0
46177_AM|7316.0
46178|7301.0
46179|3004.0
46181|25119.0
46182_AM|4341.0
46183|8404.0
46184|35946.0
46186|26401.0
46190|71361.0
46191|2852.0
46193|11692.0
46194|21487.0
46195_AM|3766.0
46197_AM|4275.0
46199|8205.0
46200_AM|6297.0
46202|25275.0
46203_AM|6091.0
46204|8737.0
46205|19975.0
46207|9351.0
46211|2551.0
46212_AM|3814.0
46213|20235.0
46214_AM|24826.0
46216|7445.0
46217_AM|3968.0
46218_AM|4489.0
46220|67043.0
46223|10344.0
46228|3326.0
46229_AM|4029.0
46230|19211.0
46231_AM|4828.0
46233|4911.0
46235|27617.0
46237|9205.0
46238|17162.0
46244|84025.0
46248|6910.0
46249|11478.0
46250|789744.0
46251_AM|4241.0
46255_AM|6225.0
46256|10097.0
46257|6996.0
46258|3578.0
46260|3451.0
46261_AM|5045.0
46903|9501.0
47004_AM|5675.0
47007_AM|8172.0
47010|20716.0
47023_AM|6379.0
47027|3747.0
47030_AM|4952.0
47050|5299.0
47052|9109.0
47066_AM|2638.0
47071_AM|5758.0
47075|6298.0
47076|22633.0
47085|20271.0
47086_AM|5461.0
47090|3311.0
47101_AM|5300.0
47104_AM|5474.0
47112_AM|5106.0
47114|5068.0
47129_AM|4881.0
47133|3875.0
47139_AM|5054.0
47155|4604.0
47161|5315.0
47165|8762.0
47173_AM|5703.0
47175|8648.0
47182_AM|4223.0
47186|297775.0
47197_AM|5097.0
47214_AM|4980.0
47217|2828.0
47231|6249.0
48001_AM|8984.0
48002|9436.0
48003|19576.0
48011|12140.0
48012_AM|5064.0
48013|100907.0
48015|40535.0
48016|7271.0
48017|16784.0
48018_AM|4260.0
48019_AM|4866.0
48020|346405.0
48022_AM|4248.0
48026_AM|7414.0
48027|29935.0
48029|11664.0
48032|7383.0
48034|15791.0
48036|29404.0
48038_AM|4156.0
48040_AM|2911.0
48043|6022.0
48044|77139.0
48045|6699.0
48046|17093.0
48054|32188.0
48055_AM|4565.0
48057|7271.0
48060_AM|5862.0
48065_AM|5263.0
48068_AM|6049.0
48069|17701.0
48071_AM|8954.0
48073|8326.0
48074|4199.0
48075|2658.0
48077_AM|5968.0
48078|45285.0
48080|11911.0
48081_AM|4535.0
48082|46085.0
48083|8379.0
48084|27342.0
48085|14276.0
48086_AM|3480.0
48089|5034.0
48090|7651.0
48094|4314.0
48095_AM|4621.0
48096|8416.0
48097_AM|2735.0
48901|6780.0
48902|24489.0
48904_AM|6918.0
48905|3277.0
48906_AM|3877.0
48910_AM|5171.0
48912_AM|4667.0
49003_AM|4945.0
49021|17523.0
49054_AM|5885.0
49065_AM|4819.0
49081_AM|4976.0
49122_AM|5980.0
49127|3030.0
49151_AM|5882.0
49166_AM|5119.0
49178_AM|6186.0
49187_AM|4868.0
49193_AM|4857.0
49200_AM|4871.0
49206_AM|5009.0
49214_AM|4758.0
49219_AM|8863.0
49250_AM|4757.0
49261_AM|6100.0
49275|60297.0
50008_AM|8581.0
50017_AM|2752.0
50018_AM|5085.0
50025|7983.0
50034_AM|4873.0
50038_AM|4897.0
50055_AM|5366.0
50057_AM|2921.0
50062_AM|4712.0
50066|4334.0
50067|19870.0
50068_AM|3486.0
50073_AM|5276.0
50074|10183.0
50089|13773.0
50094_AM|5457.0
50095_AM|17948.0
50099|4368.0
50115|4600.0
50118|2555.0
50126|2778.0
50130_AM|3613.0
50150_AM|4125.0
50153_AM|3547.0
50159_AM|4616.0
50160|2977.0
50163_AM|6244.0
50165_AM|6830.0
50181_AM|5245.0
50182|6125.0
50204_AM|5543.0
50208_AM|5552.0
50209_AM|6466.0
50219|6446.0
50222_AM|5391.0
50223_AM|3351.0
50225_AM|4262.0
50230_AM|6753.0
50235_AM|5114.0
50240_AM|4655.0
50251_AM|11781.0
50252|6777.0
50272|18856.0
50288|4725.0
50297|675301.0
50298|8591.0
50903|2768.0
51001|83517.0
52001|86261.0
34022253049|NA
34024453076|NA
34024453077|NA
34063953072|NA
34070953004|NA
34070953005|NA
34070953006|NA
34070953007|NA
34070953008|NA
34070953009|NA
34070953010|NA
34070953011|NA
34070953012|NA
34070953013|NA
34070953014|NA
34070953015|NA
34070953016|NA
34070953018|NA
34070953020|NA
34070953021|NA
34070953022|NA
34070953023|NA
34070953024|NA
34070953026|NA
34070953027|NA
34070953028|NA
34070953029|NA
34070953031|NA
34070953032|NA
34070953033|NA
34070953034|NA
34070953035|NA
34070953036|NA
34070953039|NA
34070953040|NA
34070953041|NA
34070953042|NA
34070953043|NA
34070953044|NA
34070953045|NA
34070953046|NA
34070953073|NA
34072453051|NA
34072453052|NA
34074053074|NA
34074253075|NA
34081953047|NA
34153153078|NA
34172653056|NA
